System,Agent / Use Case,Direction,Agent Interface,Underlying Transport,Data Format,Auth Model,Auth Owner (Novartis),RBAC Considerations,Key Entities / Fields,Volume Estimate,Freshness Requirement,Data Residency,API Maturity,Sample Data Available,Known Constraints,Environment Availability,Product Owner (Novartis),Dependency on Other Systems,Dependency on Novartis Actions,Open Questions,Notes
Veeva Vault PromoMats (VVPM),UC-4 Knowledge Discovery,Read,TBD,REST API (assumed),JSON (assumed),OAuth2 (assumed),TBD,Agent reads approved assets only — role must enforce approval-status filter,Asset ID; metadata fields; binary content URL; approval status; claim blocks; market; expiry date,1000s,On-demand,TBD — confirm AU data residency,Stable & documented (assumed — Veeva has public API docs),TBD,Rate limits unknown; approval-status governance filter required,TBD,TBD (multi-timezone),None,API access provisioning; confirm sandbox availability,What Vault API version is in use? Is there a sandbox with realistic data?,Veeva has well-documented REST APIs. Likely lowest-risk integration for UC-4.
Veeva Vault PromoMats (VVPM),UC-5 Content Generation,Read,TBD,REST API (assumed),JSON (assumed),OAuth2 (assumed),TBD,Agent reads templates and approved claims only,Templates; content blocks; claim libraries; product references; approved copy,1000s,On-demand,TBD,Stable & documented (assumed),TBD,Must only surface approved/valid content; expiry filtering required,TBD,TBD (multi-timezone),None,API access provisioning; confirm claim library API endpoints,Are claim libraries exposed via the same Vault API or a separate endpoint?,Source for compliant reference material and approved copy.
Veeva Vault PromoMats (VVPM),UC-10 Asset Tagging,Read + Write,TBD,REST API (assumed),JSON (assumed),OAuth2 (assumed),TBD,Write-back of tags requires elevated permissions; human-in-the-loop approval before commit,Asset ID; metadata fields (30+ per asset); content type; therapy area; audience; key message,1000s,Batch (minutes),TBD,Stable & documented (assumed),TBD,Write-back requires governance approval workflow; 30+ metadata fields per asset,TBD,TBD (multi-timezone),None,Write-back permission model; confirm tag approval workflow,What is the approval process for AI-suggested tags before they are written back? Is there a staging/draft state for metadata?,High-risk interaction — write-back to a compliance-governed system. Needs explicit governance sign-off.
Aprimo / Fuse,UC-4 Knowledge Discovery,Read,TBD,REST API (assumed),JSON (assumed),TBD,TBD,Read-only access to approved digital assets,Asset ID; metadata; thumbnail URL; content type; therapy area; usage rights,1000s,On-demand,TBD,TBD — confirm documentation quality,TBD,Unknown,TBD,TBD,None,API documentation access; confirm auth model,What is the Aprimo API maturity? Is there a developer portal?,DAM platform — expected to have REST API but maturity unconfirmed.
Aprimo / Fuse,UC-5 Content Generation,Read,TBD,REST API (assumed),JSON (assumed),TBD,TBD,Read-only access to content blocks and templates,Content blocks; modular templates; approved imagery; brand guidelines,1000s,On-demand,TBD,TBD,TBD,Unknown,TBD,TBD,None,API access provisioning,Can content blocks be retrieved individually or only as part of an asset?,Feeds approved content into the generation pipeline.
Aprimo / Fuse,UC-10 Asset Tagging,Read + Write,TBD,REST API (assumed),JSON (assumed),TBD,TBD,Write-back of tags — confirm permission model,Asset ID; metadata fields; content type; therapy area; audience; key message; usage context,1000s,Batch (minutes),TBD,TBD,Write-back governance — same concern as VVPM,TBD,TBD,None,Write-back permission model; tag approval workflow,Does Aprimo support a draft/pending state for metadata updates?,Second DAM system requiring tag write-back. Same governance pattern as VVPM needed.
SharePoint,UC-4 Knowledge Discovery,Read,TBD,Microsoft Graph API,JSON,OAuth2 (Microsoft Entra ID),TBD,Agent reads strategy and journey documents — scoped to specific site/library,Document ID; title; content; metadata; folder path; last modified,1000s,On-demand,TBD — likely AU tenant,Stable & documented (Microsoft Graph is well-documented),TBD,Depends on G Drive migration completing; document library structure may be in flux,TBD,TBD,G Drive migration must be complete,Confirm target site/library structure post-migration; confirm Graph API permissions,Blocked until G Drive → SharePoint migration is done. MCP server for SharePoint exists in ecosystem — evaluate fit.
Sherlock,UC-4 Knowledge Discovery,Read,TBD,TBD — unknown,TBD,TBD,TBD,Read-only access to strategy and journey documents,Strategy documents; journey maps; planning artefacts,100s (assumed),On-demand,TBD,Unknown — internal Novartis tool,TBD,Internal tool — API may not exist; may require custom integration or file export,TBD,TBD,None,Confirm API exists; confirm integration is feasible within PoC timeline,Is Sherlock accessible via API? If not what is the alternative access pattern (file export? manual upload?)?,HIGH RISK. Internal Novartis tool with unknown API maturity. Needs early discovery.
Customer Data Hub / Snowflake,UC-4 Knowledge Discovery,Read,TBD,SQL / REST API,JSON / Tabular,Service account (assumed),TBD,Read-only access to campaign performance and engagement data,Campaign ID; audience segment; engagement metrics; performance KPIs; time period,Millions,On-demand or near-real-time (<30s),TBD,Stable & documented (Snowflake is well-documented),TBD,Query complexity limits; compute costs; data freshness lag from source systems,TBD,TBD,None,Confirm access provisioning; confirm which schemas/views are available,What Snowflake role/warehouse will the agent use? Are there pre-built views for campaign performance?,Established data platform. Low technical risk. Confirm access model.
Customer Data Hub / Snowflake,UC-5 Content Generation,Read,TBD,SQL / REST API,JSON / Tabular,Service account (assumed),TBD,Read-only — audience context and performance data to guide content generation,Audience segments; engagement history; campaign performance by segment; channel preferences,Millions,On-demand,TBD,Stable & documented,TBD,Same as UC-4,TBD,TBD,None,Same as UC-4,Same access path as UC-4 — may use different views/queries for audience context.,Provides audience context to inform content tone and relevance.
Salesforce Marketing Cloud (SFMC),UC-4 Knowledge Discovery,Read,TBD,REST API,JSON,OAuth2 (complex — business unit scoped),TBD,Read-only access to campaign engagement data,Campaign ID; send metrics; open/click rates; audience lists; journey performance,1000s–millions,Near-real-time (<30s) or batch,TBD,Stable & documented (SFMC REST API well-documented but complex),TBD,Complex auth (OAuth2 + business unit context); rate limits; multi-timezone product owners,TBD,TBD (multi-timezone),None,Confirm business unit scope; confirm auth provisioning process,Which SFMC business unit(s) are in scope? What is the API rate limit?,Well-documented but complex auth model. Multi-timezone product owners may slow provisioning.
Salesforce Marketing Cloud (SFMC),UC-5 Content Generation,Read,TBD,REST API,JSON,OAuth2 (complex — business unit scoped),TBD,Read-only — campaign performance to inform content,Campaign performance; A/B test results; channel engagement by audience,1000s,On-demand or batch,TBD,Stable & documented,TBD,Same as UC-4,TBD,TBD (multi-timezone),None,Same as UC-4,Same as UC-4 — different data focus (content performance vs broad engagement).,Feeds performance data into content generation for relevance.
Google Analytics 4 (GA4),UC-4 Knowledge Discovery,Read,TBD,REST API (GA4 Data API),JSON,OAuth2 (Google Cloud service account),TBD,Read-only access to website engagement data,Page views; sessions; user engagement; conversion events; audience dimensions,Millions,Batch (hours) — GA4 data has processing lag,TBD,Stable & documented (Google public API),TBD,Data processing lag (24–48h); sampling on large queries; quota limits,TBD,TBD,None,Confirm GA4 property access; confirm service account provisioning,Which GA4 property/properties are in scope? Is BigQuery export available as alternative?,Low technical risk. Public well-documented API. Main constraint is data freshness lag.
Google Analytics 4 (GA4),UC-5 Content Generation,Read,TBD,REST API (GA4 Data API),JSON,OAuth2 (Google Cloud service account),TBD,Read-only — engagement data to inform content strategy,Content performance; page engagement; audience behaviour; channel attribution,Millions,Batch (hours),TBD,Stable & documented,TBD,Same as UC-4,TBD,TBD,None,Same as UC-4,Same access path as UC-4.,Provides channel/content performance context for generation.
Veeva Oncore CRM,UC-4 Knowledge Discovery,Read,TBD,REST API (assumed),JSON (assumed),TBD,TBD,Read-only access to HCP engagement data,HCP interactions; call reports; engagement history; territory data,1000s,On-demand or near-real-time,TBD,TBD — confirm API availability (separate product from Vault),TBD,Separate system from VVPM — confirm API exists and is accessible,TBD,TBD (multi-timezone),None,Confirm API availability; confirm this is not CRM-only (no external API),Is Veeva Oncore CRM API accessible externally? Is it the same as Veeva CRM (Network/Nitro) APIs?,Medium risk. Separate Veeva product — don't assume same API model as Vault.
Veeva Oncore CRM,UC-5 Content Generation,Read,TBD,REST API (assumed),JSON (assumed),TBD,TBD,Read-only — audience/HCP data to inform content,HCP segments; engagement patterns; prescribing behaviour; territory insights,1000s,On-demand,TBD,TBD,TBD,Same as UC-4,TBD,TBD (multi-timezone),None,Same as UC-4,Same as UC-4 — different data focus.,Provides HCP audience context for content generation.
Veeva Oncore CRM,UC-10 Asset Tagging,Read,TBD,REST API (assumed),JSON (assumed),TBD,TBD,Read-only — usage logs for tagging context,Asset usage logs; publication history; channel distribution,1000s,Batch (hours),TBD,TBD,Same as UC-4,TBD,TBD (multi-timezone),None,Same as UC-4,Are usage/publication logs exposed via CRM API or a separate reporting layer?,Read-only for UC-10 — usage logs inform tagging decisions.
ShamanGo / Anthill Activator,UC-4 Knowledge Discovery,Read,TBD,TBD — unknown,TBD,TBD,TBD,Read-only access to modular templates and content blocks,Template ID; module structure; content blocks; constraints; channel mapping,100s,On-demand,TBD,Unknown — referenced as 'future state' in RFP,TBD,System may not be fully deployed; API may not exist yet,TBD,TBD,Platform deployment must be in usable state,Confirm system is live; confirm API exists; confirm integration is feasible,Is ShamanGo/Anthill Activator live and accessible via API? Or is it still in deployment?,HIGH RISK. RFP references this as 'future state'. May not be ready for PoC timeline.
ShamanGo / Anthill Activator,UC-5 Content Generation,Read,TBD,TBD — unknown,TBD,TBD,TBD,Read-only — templates and constraints for draft assembly,Templates; structural rules; required blocks; module slots; channel constraints,100s,On-demand,TBD,Unknown,TBD,Same as UC-4; draft assembly must adhere to template constraints,TBD,TBD,Platform deployment,Same as UC-4,Can templates be retrieved programmatically with their constraint rules?,Critical for UC-5 — templates define what compliant content looks like.
ShamanGo / Anthill Activator,UC-10 Asset Tagging,Read + Write,TBD,TBD — unknown,TBD,TBD,TBD,Write-back of tags — same governance concern as VVPM/Aprimo,Asset ID; metadata fields; content type; therapy area; audience; module usage,100s,Batch (minutes),TBD,Unknown,TBD,Same governance requirements as VVPM/Aprimo for tag write-back; platform readiness unknown,TBD,TBD,Platform deployment; tag write-back permission model,Same as UC-4 plus: Does the system support metadata write-back via API?,Highest-risk write-back target — platform maturity and API existence both unconfirmed.
